case_id,slide_id,label
f1bd8305-5c3f-4c82-9e68-ba9cf4ecdf7b,TCGA-ZF-A9R1-01Z-00-DX1.74520759-D448-45B5-B8AD-45502C99A519.svs,gf
76400a3d-45c4-47f8-bd81-0a345a949a1f,TCGA-S5-A6DX-01Z-00-DX1.70418D45-0396-4838-BF0C-588C7719A131.svs,gf
